Artist;Track;Album;Album_type;Danceability;Energy;Loudness;Speechiness;Acousticness;Instrumentalness;Liveness;Valence;Tempo;Duration_min;Title;Channel;Views;Likes;Comments;Licensed;official_video;Stream;EnergyLiveness;most_playedon
Gorillaz;Feel Good Inc.;Demon Days;album;818;705;-6679;177;836;233;613;772;138559;37.106.666.666.666.600;Gorillaz - Feel Good Inc. (Official Video);Gorillaz;693555221.0;6220896.0;169907.0;TRUE;TRUE;1040234854.0;11.500.815.660.685.100;Spotify
Gorillaz;Rhinestone Eyes;Plastic Beach;album;676;703;-5815;302;869;687;463;852;92761;33.362.166.666.666.600;Gorillaz - Rhinestone Eyes [Storyboard Film] (Official Music Video);Gorillaz;72011645.0;1079128.0;31003.0;TRUE;TRUE;310083733.0;15.183.585.313.174.900;Spotify
Gorillaz;New Gold (feat. Tame Impala and Bootie Brown);New Gold (feat. Tame Impala and Bootie Brown);single;695;923;-3.93;522;425;469;116;551;108014;35.858.333.333.333.300;Gorillaz - New Gold ft. Tame Impala & Bootie Brown (Official Visualiser);Gorillaz;8435055.0;282142.0;7399.0;TRUE;TRUE;63063467.0;7.956.896.551.724.130;Spotify
Gorillaz;On Melancholy Hill;Plastic Beach;album;689;739;-5.81;26;1.51e-05;509;64;578;120423;38.977.833.333.333.300;Gorillaz - On Melancholy Hill (Official Video);Gorillaz;211754952.0;1788577.0;55229.0;TRUE;TRUE;434663559.0;11.546.875;Spotify
Gorillaz;Clint Eastwood;Gorillaz;album;663;694;-8627;171;253;0.0;698;525;167953;5682;Gorillaz - Clint Eastwood (Official Video);Gorillaz;618480958.0;6197318.0;155930.0;TRUE;TRUE;617259738.0;994.269.340.974.212;Youtube
Gorillaz;DARE;Demon Days;album;0.76;891;-5852;372;229;869;298;966;120264;4.083.333.333.333.330;Gorillaz - DARE (Official Video);Gorillaz;259021161.0;1844658.0;72008.0;TRUE;TRUE;323850327.0;29.899.328.859.060.400;Spotify
Gorillaz;New Gold (feat. Tame Impala and Bootie Brown) - Dom Dolla Remix;New Gold (feat. Tame Impala and Bootie Brown) [Dom Dolla Remix];single;716;897;-7185;629;12;262;325;358;127.03;45.690.333.333.333.300;Gorillaz - New Gold ft. Tame Impala, Bootie Brown (Dom Dolla Remix) (Official Live Video);Dom Dolla;451996.0;11686.0;241.0;FALSE;TRUE;10666154.0;2.76;Spotify
Gorillaz;She's My Collar (feat. Kali Uchis);Humanz (Deluxe);album;726;815;-5886;313;799;81;112;462;140158;34.926.666.666.666.600;Gorillaz - She's My Collar [HQ];SalvaMu�ox;1010982.0;17675.0;260.0;FALSE;FALSE;159605929.0;72.767.857.142.857.100;Spotify
Gorillaz;Cracker Island (feat. Thundercat);Cracker Island (feat. Thundercat);single;741;913;-3.34;465;343;103;325;643;120012;3.5625;Gorillaz - Cracker Island ft. Thundercat (Official Video);Gorillaz;24459820.0;739527.0;20296.0;TRUE;TRUE;42671901.0;2.809.230.769.230.760;Spotify
Gorillaz;Dirty Harry;Demon Days;album;625;877;-7176;162;315;811;672;865;192296;38.404.333.333.333.300;Gorillaz - Dirty Harry (Official Video);Gorillaz;154761056.0;1386920.0;39240.0;TRUE;TRUE;191074713.0;13.050.595.238.095.200;Spotify
Red Hot Chili Peppers;Californication;Californication (Deluxe Edition);album;592;767;-2788;27;21;165;127;328;96483;549.555;Red Hot Chili Peppers - Californication (Official Music Video) [HD UPGRADE];Red Hot Chili Peppers;1018811259.0;4394471.0;121452.0;TRUE;TRUE;1055738398.0;6.039.370.078.740.150;Spotify
Red Hot Chili Peppers;Under the Bridge;Blood Sugar Sex Magik (Deluxe Edition);album;559;345;-13496;459;576;105;141;458;84581;4.405.116.666.666.660;Red Hot Chili Peppers - Under The Bridge [Official Music Video];Red Hot Chili Peppers;246687714.0;1213572.0;32761.0;TRUE;TRUE;1061750522.0;24.468.085.106.382.900;Spotify
Red Hot Chili Peppers;Can't Stop;By the Way (Deluxe Edition);album;618;938;-3442;456;179;0.0;167;875;91455;4.483.333.333.333.330;Red Hot Chili Peppers - Can't Stop [Official Music Video];Red Hot Chili Peppers;336635759.0;1740224.0;32573.0;TRUE;TRUE;866464951.0;5.616.766.467.065.860;Spotify
Red Hot Chili Peppers;Scar Tissue;Californication (Deluxe Edition);album;595;717;-4803;295;779;274;108;547;88969;359.845;Red Hot Chili Peppers - Scar Tissue [Official Music Video];Red Hot Chili Peppers;435121530.0;1890900.0;37069.0;TRUE;TRUE;613838674.0;6.638.888.888.888.880;Spotify
Red Hot Chili Peppers;Otherside;Californication (Deluxe Edition);album;458;795;-3265;574;316;202;756;513;123229;4.256.216.666.666.660;Red Hot Chili Peppers - Otherside [Official Music Video];Red Hot Chili Peppers;673528656.0;3140356.0;60091.0;TRUE;TRUE;732774515.0;10.515.873.015.873.000;Spotify
Red Hot Chili Peppers;Snow (Hey Oh);Stadium Arcadium;album;427;0.9;-3674;499;116;1.75e-05;119;599;104655;55.777.833.333.333.300;Red Hot Chili Peppers - Snow (Hey Oh) (Official Music Video);Red Hot Chili Peppers;320871237.0;1272266.0;37004.0;TRUE;TRUE;860722316.0;7.563.025.210.084.030;Spotify
Red Hot Chili Peppers;Dani California;Stadium Arcadium;album;556;913;-2.36;437;193;8.59e-06;346;0.73;96184;47.026.666.666.666.600;Red Hot Chili Peppers - Dani California [Official Music Video];Red Hot Chili Peppers;324228662.0;1456622.0;49461.0;TRUE;TRUE;550067391.0;26.387.283.236.994.200;Spotify
Red Hot Chili Peppers;By the Way;By the Way (Deluxe Edition);album;451;0.97;-4938;107;264;355;102;198;122444;361.555;Red Hot Chili Peppers - By The Way [Official Music Video];Red Hot Chili Peppers;179005296.0;784717.0;20084.0;TRUE;TRUE;367485508.0;9.509.803.921.568.620;Spotify
Red Hot Chili Peppers;Give It Away;Blood Sugar Sex Magik (Deluxe Edition);album;666;936;-9919;476;244;86;153;776;91577;4.715.116.666.666.660;Red Hot Chili Peppers - Give It Away [Official Music Video];Red Hot Chili Peppers;86637926.0;434837.0;16029.0;TRUE;TRUE;301947159.0;611.764.705.882.353;Spotify
Red Hot Chili Peppers;Dark Necessities;The Getaway;album;0.7;742;-6777;716;722;199;0.11;197;91959;5.033.333.333.333.330;Red Hot Chili Peppers - Dark Necessities [Official Music Video];Red Hot Chili Peppers;440037964.0;2094182.0;56516.0;TRUE;TRUE;385677873.0;6.745.454.545.454.540;Youtube
50 Cent;In Da Club;Get Rich Or Die Tryin';album;902;0.72;-2776;347;0.26;0.0;749;805;90059;322.445;50 Cent - In Da Club (Official Music Video);50CentVEVO;1682616458.0;10481678.0;296745.0;TRUE;TRUE;1041736808.0;9.612.817.089.452.600;Youtube
50 Cent;Candy Shop;The Massacre;album;614;574;-7961;466;253;3.2e-05;0.38;755;125173;3.485.116.666.666.660;50 Cent - Candy Shop (Official Music Video) ft. Olivia;50CentVEVO;838974650.0;5014527.0;113251.0;TRUE;TRUE;701248893.0;15.105.263.157.894.700;Youtube
50 Cent;Just A Lil Bit;The Massacre;album;489;692;-6672;0.41;322;608;315;527;96946;39.617.833.333.333.300;50 Cent - Just A Lil Bit;50CentVEVO;476133463.0;2523312.0;42075.0;TRUE;TRUE;395155110.0;21.968.253.968.253.900;Youtube
50 Cent;P.I.M.P.;Get Rich Or Die Tryin';album;0.7;758;-3012;342;444;1.3e-05;401;889;78693;4.157.783.333.333.330;50 Cent - P.I.M.P. (Snoop Dogg Remix) ft. Snoop Dogg, G-Unit;50CentVEVO;572659065.0;3334710.0;60552.0;TRUE;TRUE;541728561.0;1.890.274.314.214.460;Youtube
50 Cent;Many Men (Wish Death);Get Rich Or Die Tryin';album;653;826;-2.93;354;153;146;131;416;108.52;427.045;50 Cent - Many Men (Wish Death) (Dirty Version);50CentVEVO;441155628.0;2765887.0;84117.0;TRUE;TRUE;332175400.0;6.305.343.511.450.380;Youtube
50 Cent;Disco Inferno;The Massacre;album;925;659;-4763;231;206;7.88e-05;279;0.71;97018;357.045;50 Cent - Disco Inferno (Official Music Video);50CentVEVO;39825951.0;382791.0;12038.0;TRUE;TRUE;202477187.0;23.620.071.684.587.800;Spotify
50 Cent;21 Questions;Get Rich Or Die Tryin';album;576;807;-3908;317;353;363;512;908;90012;374.045;50 Cent - 21 Questions (Official Music Video) ft. Nate Dogg;50CentVEVO;503248572.0;2759199.0;54805.0;TRUE;TRUE;446003044.0;1.576.171.875;Youtube
50 Cent;Is This Love ('09) (feat. 50 Cent);Curtain Call 2;album;853;776;-4221;261;714;0.0;181;659;94028;353.355;Eminem, 50 Cent - Is This Love ('09) [Visualizer];EminemVEVO;5289821.0;245935.0;9008.0;TRUE;TRUE;28529840.0;4.287.292.817.679.550;Spotify
50 Cent;If I Can't;Get Rich Or Die Tryin';album;892;631;-2522;302;244;0.0;235;838;93975;32.773.333.333.333.300;50 Cent - If I Can't (Official Music Video);Wu Sound;46096.0;612.0;14.0;FALSE;FALSE;210473579.0;26.851.063.829.787.200;Spotify
50 Cent;Best Friend - Remix;Best Friend (Remix);single;545;0.64;-3529;308;368;0.0;111;574;181733;424.155;50 Cent-Best Friend(Remix);Lightning;291023.0;5729.0;46.0;FALSE;FALSE;160037992.0;57.657.657.657.657.600;Spotify
Metallica;Enter Sandman (Remastered);Metallica (Remastered);album;566;834;-8412;298;277;8;625;621;123296;5526;Metallica: Enter Sandman (Official Music Video);Metallica;573553706.0;2828795.0;81335.0;TRUE;TRUE;0.0;13344;Youtube
Metallica;Nothing Else Matters (Remastered);Metallica (Remastered);album;547;394;-9793;262;522;6.4e-06;795;0.17;142.37;6.478.883.333.333.330;Metallica: Nothing Else Matters (Official Music Video);Metallica;1209806093.0;5127599.0;135946.0;TRUE;TRUE;0.0;4.955.974.842.767.290;Youtube
Metallica;Master of Puppets (Remastered);Master of Puppets (Remastered Deluxe Box Set);album;539;828;-9108;35;67;421;154;562;105.25;8.589.783.333.333.330;Master of Puppets (Remastered);Metallica - Topic;20762910.0;293409.0;1703.0;TRUE;TRUE;0.0;5.376.623.376.623.370;Youtube
Metallica;Whiskey In The Jar;Garage, Inc.;album;511;972;-3751;413;5.36e-06;101;0.19;532;132.97;508.155;Metallica - Whiskey In The Jar (Official Music Video);Warner Records Vault;107553434.0;429797.0;12074.0;FALSE;FALSE;327681785.0;511.578.947.368.421;Spotify
Metallica;The Unforgiven (Remastered);Metallica (Remastered);album;531;583;-9.47;256;184;624;255;207;139503;64.526.666.666.666.600;Metallica - The Unforgiven (Official Music Video);Warner Records Vault;426125708.0;1781690.0;46392.0;FALSE;FALSE;0.0;22.862.745.098.039.200;Youtube
Metallica;One (Remastered);...And Justice for All (Remastered Deluxe Box Set);album;438;687;-9.15;619;668;801;0.42;426;103.01;7.435.766.666.666.660;Metallica - One (Official Music Video) [Remastered in HD];No Music, No Life !;524.0;18.0;1.0;FALSE;FALSE;0.0;1.635.714.285.714.280;Youtube
Metallica;For Whom The Bell Tolls (Remastered);Ride The Lightning (Deluxe Remaster);album;512;0.86;-6145;703;631;528;652;258;117909;5.166.216.666.666.660;For Whom The Bell Tolls (Remastered);Metallica - Topic;23666398.0;274106.0;667.0;TRUE;TRUE;0.0;13.190.184.049.079.700;Youtube
Metallica;Lux �terna;Lux �terna;single;386;996;-2.96;754;1.15e-05;836;116;188;130573;3428;Metallica: Lux �terna (Official Music Video);Metallica;14937918.0;473751.0;46230.0;TRUE;TRUE;20061385.0;8.586.206.896.551.720;Spotify
Metallica;Sad But True (Remastered);Metallica (Remastered);album;624;876;-6005;342;926;164;561;453;89.24;5.41;Metallica: Sad But True (Official Music Video);Metallica;72737062.0;418124.0;15110.0;TRUE;TRUE;0.0;15.614.973.262.032.000;Youtube
Metallica;Screaming Suicide;Screaming Suicide;single;425;972;-3448;45;2.42e-05;202;239;282;101125;550.755;Metallica: Screaming Suicide (Official Music Video);Metallica;4317758.0;217109.0;17225.0;TRUE;TRUE;3905429.0;4.066.945.606.694.560;Youtube
Coldplay;Yellow;Parachutes;album;429;661;-7227;281;239;121;234;285;173372;44.462.166.666.666.600;Coldplay - Yellow (Official Video);Coldplay;832532409.0;4600933.0;118296.0;TRUE;TRUE;1483622308.0;2.824.786.324.786.320;Spotify
Coldplay;Viva La Vida;Viva La Vida or Death and All His Friends;album;486;617;-7115;287;954;3.23e-06;109;417;138015;403.955;Coldplay - Viva La Vida (Official Video);Coldplay;789581468.0;4370461.0;261790.0;TRUE;TRUE;1325575712.0;5.660.550.458.715.590;Spotify
Coldplay;Sparks;Parachutes;album;371;268;-10506;281;748;517;104;165;102617;3.784.883.333.333.330;Sparks;Coldplay - Topic;73201019.0;787343.0;1637.0;TRUE;TRUE;475353044.0;2.576.923.076.923.070;Spotify
Coldplay;Something Just Like This;Memories...Do Not Open;album;617;635;-6769;317;498;1.44e-05;164;446;103019;41.193.333.333.333.300;The Chainsmokers & Coldplay - Something Just Like This (Lyric);ChainsmokersVEVO;2118018686.0;10282499.0;270444.0;TRUE;TRUE;2030825694.0;38.719.512.195.121.900;Youtube
Coldplay;The Scientist;A Rush of Blood to the Head;album;557;442;-7224;243;731;1.46e-05;0.11;213;146277;5.16;Coldplay - The Scientist (Official 4K Video);Coldplay;1082588109.0;5532787.0;124357.0;TRUE;TRUE;1465980600.0;40.181.818.181.818.100;Spotify
Coldplay;A Sky Full of Stars;Ghost Stories;album;545;675;-6474;279;617;197;209;162;124.97;446.445;Coldplay - A Sky Full Of Stars (Official Video);Coldplay;786404613.0;3741300.0;79974.0;TRUE;TRUE;1021782403.0;32.296.650.717.703.300;Spotify
Coldplay;Paradise;Mylo Xyloto;album;449;585;-6761;268;509;8.75e-05;833;212;139631;4.645.316.666.666.660;Coldplay - Paradise (Official Video);Coldplay;1665814269.0;8497224.0;343020.0;TRUE;TRUE;927288329.0;7.022.809.123.649.450;Youtube
Coldplay;Hymn for the Weekend;A Head Full of Dreams;album;491;693;-6487;377;211;6.92e-06;325;412;90027;430.445;Coldplay - Hymn For The Weekend (Official Video);Coldplay;1828242112.0;13515772.0;377666.0;TRUE;TRUE;1049654852.0;2.132.307.692.307.690;Youtube
Coldplay;My Universe;Music Of The Spheres;album;573;711;-6268;406;114;0.0;328;0.47;105006;37.699.666.666.666.600;Coldplay X BTS - My Universe (Official Video);Coldplay;254655970.0;8867547.0;432726.0;TRUE;TRUE;883224238.0;2.167.682.926.829.260;Spotify
Coldplay;Fix You;X&Y;album;209;417;-8.74;338;164;196;113;124;138178;492.555;Coldplay - Fix You (Official Video);Coldplay;566239229.0;2962029.0;114460.0;TRUE;TRUE;1115171056.0;36.902.654.867.256.600;Spotify
Daft Punk;Get Lucky (feat. Pharrell Williams & Nile Rodgers) - Radio Edit;Get Lucky (feat. Pharrell Williams & Nile Rodgers) [Radio Edit];single;794;811;-8966;38;426;1.07e-06;101;862;116047;4.140.216.666.666.660;Daft Punk - Get Lucky (Official Video) feat. Pharrell Williams and Nile Rodgers;convar HUN;32310867.0;956073.0;19646.0;FALSE;FALSE;844698895.0;8.029.702.970.297.020;Spotify
Daft Punk;One More Time;Discovery;album;613;697;-8618;133;194;0.0;332;476;122746;5.339.283.333.333.330;Daft Punk - One More Time (Official Video);Daft Punk;432177586.0;2707992.0;110189.0;TRUE;TRUE;471747761.0;20.993.975.903.614.400;Spotify
Daft Punk;Instant Crush (feat. Julian Casablancas);Random Access Memories;album;775;585;-9516;271;422;619;77;518;109942;5626;Daft Punk - Instant Crush (Video) ft. Julian Casablancas;DaftPunkVEVO;606828966.0;3111505.0;87115.0;TRUE;TRUE;460589724.0;7.597.402.597.402.590;Youtube
Daft Punk;Get Lucky (feat. Pharrell Williams & Nile Rodgers);Random Access Memories;album;0.81;793;-9404;403;378;1.77e-06;72;863;116.05;616.045;Daft Punk - Get Lucky (Official Video) feat. Pharrell Williams and Nile Rodgers;convar HUN;32310867.0;956073.0;19646.0;FALSE;FALSE;400304719.0;11.013.888.888.888.800;Spotify
Daft Punk;Around the World;Homework;album;956;795;-5311;0.15;356;889;906;841;121294;7.158.883.333.333.330;Daft Punk - Around The World (Official Music Video Remastered);Daft Punk;38218353.0;466569.0;11904.0;TRUE;TRUE;293417547.0;8.774.834.437.086.090;Spotify
Daft Punk;Harder, Better, Faster, Stronger;Discovery;album;817;716;-8898;144;427;263;358;692;123474;3.744.883.333.333.330;Daft Punk - Harder, Better, Faster, Stronger (Official Video);Daft Punk;121308880.0;1329678.0;70754.0;TRUE;TRUE;292668007.0;2.0;Spotify
Daft Punk;Something About Us;Discovery;album;875;475;-12673;986;0.44;0.72;46;384;99958;38.777.833.333.333.300;Daft Punk - Something About Us (Official Video);Daft Punk;77464307.0;723914.0;23915.0;TRUE;TRUE;185381876.0;10.326.086.956.521.700;Spotify
Daft Punk;Lose Yourself to Dance (feat. Pharrell Williams);Random Access Memories;album;832;659;-7828;57;839;114;753;674;100163;5.898.216.666.666.660;Daft Punk - Lose Yourself to Dance (Official Version);DaftPunkVEVO;195983803.0;1115598.0;37436.0;TRUE;TRUE;274711166.0;8.751.660.026.560.420;Spotify
Daft Punk;Veridis Quo;Discovery;album;605;687;-13928;45;479;949;104;0.12;106896;5.753.116.666.666.660;Daft Punk - Veridis Quo (Official Video);Daft Punk;23984070.0;216822.0;7260.0;TRUE;TRUE;90589464.0;6.605.769.230.769.230;Spotify
Daft Punk;Digital Love;Discovery;album;644;664;-8398;332;48;867;342;0.53;124726;5.022.883.333.333.330;Daft Punk - Digital Love (Official Video);Daft Punk;30079390.0;203063.0;8957.0;TRUE;TRUE;115484456.0;19.415.204.678.362.500;Spotify
Linkin Park;In the End;Hybrid Theory (Bonus Edition);album;556;864;-5.87;584;958;0.0;209;0.4;105143;36.146.666.666.666.600;In The End [Official HD Music Video] - Linkin Park;Linkin Park;1487186392.0;10183387.0;409471.0;TRUE;TRUE;1444841705.0;4.133.971.291.866.020;Youtube
Linkin Park;Numb;Meteora;album;496;863;-4153;381;46;0.0;639;243;110018;30.931.166.666.666.600;Numb [Official Music Video] - Linkin Park;Linkin Park;1928733776.0;12341722.0;550921.0;TRUE;TRUE;1195213410.0;1.350.547.730.829.420;Youtube
Linkin Park;What I've Done;Minutes to Midnight;album;623;0.93;-5285;324;141;1.64e-06;138;287;120119;34.268.833.333.333.300;What I've Done [Official Music Video] - Linkin Park;Linkin Park;587927093.0;3370635.0;148741.0;TRUE;TRUE;589294152.0;6.739.130.434.782.600;Spotify
Linkin Park;Numb / Encore;Numb / Encore: MTV Ultimate Mash-Ups Presents Collision Course;single;687;793;-4254;166;603;0.0;582;751;107045;34.288.833.333.333.300;Numb/Encore [Live] - Linkin Park & Jay Z;Linkin Park;44436981.0;226771.0;9260.0;TRUE;TRUE;778880225.0;13.625.429.553.264.600;Spotify
Linkin Park;One Step Closer;Hybrid Theory (Bonus Edition);album;492;969;-4419;491;14;1.32e-06;787;538;95136;26.222.166.666.666.600;One Step Closer [Official HD Music Video] - Linkin Park;Linkin Park;154808291.0;1102031.0;33750.0;TRUE;TRUE;447287242.0;12.312.579.415.501.900;Spotify
Linkin Park;Faint;Meteora;album;554;978;-3554;131;111;0.0;731;594;135095;2.71;Faint [Official Music Video] - Linkin Park;Linkin Park;378323695.0;2061834.0;65731.0;TRUE;TRUE;413355749.0;13.378.932.968.536.200;Spotify
Linkin Park;Bleed It Out;Minutes to Midnight;album;529;967;-3647;508;114;0.0;0.61;596;140127;2.772.883.333.333.330;Bleed It Out [Official Music Video] - Linkin Park;Linkin Park;135176149.0;762715.0;27609.0;TRUE;TRUE;388331061.0;15.852.459.016.393.400;Spotify
Linkin Park;Papercut;Hybrid Theory (Bonus Edition);album;524;939;-3994;113;22;0.0;623;661;150184;30.811.166.666.666.600;Papercut [Official HD Music Video] - Linkin Park;Linkin Park;240834555.0;1400306.0;50003.0;TRUE;TRUE;345142662.0;1.507.223.113.964.680;Spotify
Linkin Park;Crawling;Hybrid Theory (Bonus Edition);album;0.58;702;-5565;337;466;3.2e-06;536;299;105076;3.482.666.666.666.660;Crawling [Official HD Music Video] - Linkin Park;Linkin Park;374506972.0;2197293.0;96490.0;TRUE;TRUE;391929621.0;13.097.014.925.373.100;Spotify
Linkin Park;BURN IT DOWN;LIVING THINGS;album;585;972;-4.45;534;143;0.0;707;585;110006;383.755;BURN IT DOWN [Official Music Video] - Linkin Park;Linkin Park;353135986.0;2534190.0;113567.0;TRUE;TRUE;368132993.0;13.748.231.966.053.700;Spotify
Radiohead;Creep;Pablo Honey;album;515;0.43;-9935;372;97;133;129;104;91844;3.977.333.333.333.330;Radiohead - Creep;Radiohead;763497849.0;4777393.0;147276.0;TRUE;TRUE;1101854725.0;3.333.333.333.333.330;Spotify
Radiohead;No Surprises;OK Computer;album;255;393;-10654;278;577;361;113;118;76426;38.186.666.666.666.600;Radiohead - No Surprises;Radiohead;167847274.0;1274934.0;40034.0;TRUE;TRUE;379349681.0;347.787.610.619.469;Spotify
Radiohead;Karma Police;OK Computer;album;0.36;501;-9129;258;638;9.32e-05;172;324;74807;4.401.116.666.666.660;Radiohead - Karma Police;Radiohead;89246405.0;593396.0;17682.0;TRUE;TRUE;382823305.0;2.912.790.697.674.410;Spotify
Radiohead;High and Dry;The Bends;album;419;383;-11782;256;724;176;896;0.35;87568;4.291.333.333.333.330;Radiohead -  High & Dry -  American Version [OFFICIAL MUSIC VIDEO];Justice Elan Wenzloff;80290.0;2133.0;238.0;FALSE;FALSE;291096318.0;4.274.553.571.428.570;Spotify
Radiohead;Exit Music (For A Film);OK Computer;album;293;276;-11357;349;224;122;167;195;121603;4.453.116.666.666.660;Exit Music (For A Film);Radiohead - Topic;10644157.0;171322.0;1669.0;TRUE;TRUE;146857863.0;16.526.946.107.784.400;Spotify
Radiohead;Weird Fishes/ Arpeggi;In Rainbows;album;531;0.61;-8025;387;772;756;908;199;152958;5.303.116.666.666.660;Radiohead - Weird Fishes -  by Tobias Stretch;Radiohead;15335499.0;125774.0;4852.0;FALSE;TRUE;121688699.0;671.806.167.400.881;Spotify
Radiohead;Jigsaw Falling Into Place;In Rainbows;album;462;832;-6085;479;108;416;741;807;165653;4.148.216.666.666.660;Radiohead - Jigsaw Falling Into Place;Radiohead;26398730.0;180969.0;8010.0;TRUE;TRUE;79367881.0;11.228.070.175.438.500;Spotify
Radiohead;Fake Plastic Trees;The Bends;album;463;229;-12592;297;167;997;202;135;73543;4.845.116.666.666.660;Radiohead - Fake Plastic Trees;Radiohead;61340263.0;398951.0;15400.0;TRUE;TRUE;219867047.0;11.336.633.663.366.300;Spotify
Radiohead;Just;The Bends;album;291;767;-6913;862;401;12;763;359;175702;39.133.333.333.333.300;Radiohead - Just;Radiohead;15041854.0;146328.0;6899.0;TRUE;TRUE;88945336.0;10.052.424.639.580.600;Spotify
Radiohead;Nude;In Rainbows;album;516;342;-9785;342;832;579;857;167;128378;425.645;Radiohead - Nude;Radiohead;12205514.0;124486.0;4536.0;TRUE;TRUE;86388469.0;3.990.665.110.851.800;Spotify
AC/DC;Highway to Hell;Highway to Hell;album;574;913;-4793;133;61;158;156;423;115728;3.473.333.333.333.330;AC/DC - Highway to Hell (Official Video);acdcVEVO;274830901.0;2039258.0;44487.0;TRUE;TRUE;1143164505.0;5.852.564.102.564.100;Spotify
AC/DC;Thunderstruck;The Razors Edge;album;502;0.89;-5175;364;147;117;217;259;133.52;4.881.333.333.333.330;AC/DC - Thunderstruck (Official Video);acdcVEVO;1224226060.0;5989128.0;153047.0;TRUE;TRUE;1088388556.0;41.013.824.884.792.600;Youtube
AC/DC;Back In Black;Back In Black;album;0.31;0.7;-5678;47;11;965;828;763;188386;4.258.216.666.666.660;AC/DC - Back In Black (Official Video);acdcVEVO;915158054.0;5643694.0;134549.0;TRUE;TRUE;1182379398.0;8.454.106.280.193.230;Spotify
AC/DC;You Shook Me All Night Long;Back In Black;album;532;767;-5509;574;287;513;0.39;755;127361;3.502.883.333.333.330;AC/DC - You Shook Me All Night Long (Official Video);acdcVEVO;279117834.0;1348845.0;26645.0;TRUE;TRUE;802076123.0;19.666.666.666.666.600;Spotify
AC/DC;T.N.T.;High Voltage;album;754;759;-5218;302;153;108;101;435;126366;35.777.833.333.333.300;AC/DC - T.N.T. (Live At River Plate, December 2009);acdcVEVO;240908491.0;934797.0;19584.0;TRUE;TRUE;526521070.0;7.514.851.485.148.510;Spotify
AC/DC;Hells Bells;Back In Black;album;389;873;-4768;475;532;55;273;303;106767;5.204.883.333.333.330;AC/DC - Hells Bells (Official Video);acdcVEVO;252038354.0;1067479.0;29353.0;TRUE;TRUE;296521772.0;31.978.021.978.021.900;Spotify
AC/DC;Dirty Deeds Done Dirt Cheap;Dirty Deeds Done Dirt Cheap;album;668;906;-4881;0.17;214;245;135;507;135653;386.555;AC/DC - Dirty Deeds Done Dirt Cheap (Official Audio);acdcVEVO;852728.0;14044.0;1029.0;TRUE;TRUE;269837425.0;6.711.111.111.111.110;Spotify
AC/DC;Shoot to Thrill;Back In Black;album;457;904;-5303;747;239;879;396;0.48;141038;529.045;AC/DC - Shoot To Thrill (Iron Man 2 Version);acdcVEVO;172293392.0;642344.0;17673.0;TRUE;TRUE;292026041.0;2.282.828.282.828.280;Spotify
AC/DC;It's a Long Way to the Top (If You Wanna Rock 'N' Roll);High Voltage;album;456;863;-3551;894;133;538;553;532;135962;502.045;AC/DC - It's a Long Way to the Top (If You Wanna Rock 'n' Roll) (Official Video);Official Lives & Music Videos - Official Channel;102527.0;1881.0;240.0;FALSE;FALSE;196347993.0;15.605.786.618.444.800;Spotify
AC/DC;Rock N Roll Train;Black Ice;album;547;931;-2356;615;998;118;278;697;118.4;435.845;AC/DC - Rock N Roll Train (Official Video);acdcVEVO;18237531.0;119749.0;2251.0;TRUE;TRUE;144143014.0;33.489.208.633.093.500;Spotify
Black Eyed Peas;I Gotta Feeling;THE E.N.D. (THE ENERGY NEVER DIES);album;744;766;-6375;265;873;0.0;509;0.61;127966;4.818.883.333.333.330;The Black Eyed Peas - I Gotta Feeling (Official Music Video);BlackEyedPeasVEVO;638267058.0;3670416.0;131565.0;TRUE;TRUE;1001227038.0;15.049.115.913.555.900;Spotify
Black Eyed Peas;DON'T YOU WORRY;ELEVATION;album;831;868;-5282;325;176;0.0;184;483;131971;32.406.333.333.333.300;Black Eyed Peas, Shakira, David Guetta - DON'T YOU WORRY (Official Music Video);BlackEyedPeasVEVO;144690551.0;1327396.0;57072.0;TRUE;TRUE;162685755.0;4.717.391.304.347.820;Spotify
Black Eyed Peas;Where Is The Love?;Elephunk;album;834;699;-3222;178;111;0.0;131;809;94086;4.542.216.666.666.660;The Black Eyed Peas - Where Is The Love? (Official Music Video);BlackEyedPeasVEVO;888076529.0;4899065.0;180386.0;TRUE;TRUE;752091441.0;5.335.877.862.595.410;Youtube
Black Eyed Peas;Just Can�t Get Enough;The Beginning;album;659;628;-8685;179;186;0.0;105;262;94.05;36.571.166.666.666.600;The Black Eyed Peas - Just Can't Get Enough (Official Music Video);BlackEyedPeasVEVO;292211575.0;1594576.0;70720.0;TRUE;TRUE;331578264.0;5.980.952.380.952.380;Spotify
Black Eyed Peas;GIRL LIKE ME;TRANSLATION;album;965;485;-8784;191;206;237;655;312;124025;37.087.166.666.666.600;Black Eyed Peas, Shakira - GIRL LIKE ME (Official Music Video);BlackEyedPeasVEVO;662529115.0;5488829.0;222922.0;TRUE;TRUE;453923193.0;7.404.580.152.671.750;Youtube
Black Eyed Peas;Pump It;Monkey Business;album;649;931;-3.15;181;93;0.0;751;744;153645;35.511.166.666.666.600;The Black Eyed Peas - Pump It (Official Music Video);BlackEyedPeasVEVO;755836314.0;4746197.0;133551.0;TRUE;TRUE;492130246.0;12.396.804.260.985.300;Youtube
Black Eyed Peas;Pump It Louder;Pump It Louder;single;0.66;942;-2273;185;789;1.76e-05;834;543;126017;264.285;Ti�sto & Black Eyed Peas - Pump It Louder (Official Video);Ti�sto;2099141.0;61252.0;1238.0;TRUE;TRUE;27908495.0;1.129.496.402.877.690;Spotify
Black Eyed Peas;Meet Me Halfway;THE E.N.D. (THE ENERGY NEVER DIES);album;798;629;-6857;735;474;2.29e-05;324;0.4;130002;473.955;The Black Eyed Peas - Meet Me Halfway (Official Music Video);BlackEyedPeasVEVO;458724349.0;2094991.0;73011.0;TRUE;TRUE;363930118.0;1.941.358.024.691.350;Youtube
Black Eyed Peas;RITMO (Bad Boys For Life);TRANSLATION;album;732;716;-6968;561;295;758;0.73;666;105093;35.809.166.666.666.600;Black Eyed Peas, J Balvin - RITMO (Bad Boys For Life) (Official Music Video);BlackEyedPeasVEVO;1021503328.0;6398855.0;130819.0;TRUE;TRUE;869795408.0;9.808.219.178.082.190;Youtube